miR-122,miR-126,miR-150,miR-155,miR-191,miR-195,miR-197,miR-21,miR-223,miR-24,miR-28-3p,miR-27b,miR-92a,miR-146a,miR-148a,miR-320,miR-335,miR-126*,miR-223*,miR-378
9.1451,1.3899,2.1009,1.4176,1.8038,2.0146,2.6833,1.0943,2.0734,1.3315,1.1161,NA,NA,NA,NA,NA,NA,1.245333489,2.867858324,1.181453165
