beta,HR,low,high,Z,pval
0.253806903,1.288922893,1.096695596,1.514843526,3.080100469,0.002069308
-0.290585916,0.747825276,0.620910341,0.9006818,-3.062317222,0.002196306
0.129871487,1.138682038,0.93185782,1.391410532,1.269882066,0.204126642
0.299021441,1.348538537,1.129357296,1.610257615,3.304178938,0.00095255
